{"$schema":"http://schema.management.azure.com/schemas/2015-01-01/deploymentTemplate.json#","contentVersion":"1.0.0.0","parameters":{"factoryName":{"type":"string","metadata":"Data Factory name"},"ls_adx":{"type":"string"},"ls_onpremfs":{"type":"string"},"ls_datalake":{"type":"string"}},"variables":{"factoryId":"[concat('Microsoft.DataFactory/factories/', parameters('factoryName'))]"},"resources":[{"name":"[concat(parameters('factoryName'), '/pl_copyData_00_runProcess')]","type":"Microsoft.DataFactory/factories/pipelines","apiVersion":"2018-06-01","properties":{"activities":[{"name":"getProcess","type":"Lookup","dependsOn":[],"policy":{"timeout":"0.12:00:00","retry":0,"retryIntervalInSeconds":30,"secureOutput":false,"secureInput":false},"userProperties":[],"typeProperties":{"source":{"type":"AzureDataExplorerSource","query":{"value":"@concat(\n'\nadfMetadata\n| where processType  == \"copyData\" and processName == \"',pipeline().parameters.copyDataProcessName,'\"\n| evaluate bag_unpack(processConfigValues)\n'\n)","type":"Expression"},"queryTimeout":"00:10:00","noTruncation":false},"dataset":{"referenceName":"ds_adx_table","type":"DatasetReference","parameters":{"tableName":"adfMetadata"}}}},{"name":"logAndCopy","type":"ExecutePipeline","dependsOn":[{"activity":"getProcess","dependencyConditions":["Succeeded"]}],"userProperties":[],"typeProperties":{"pipeline":{"referenceName":"pl_copyData_01_logAndCopy","type":"PipelineReference"},"waitOnCompletion":true,"parameters":{"sourceCopyDatasetName":{"value":"@activity('getProcess').output.firstRow.sourceDataset","type":"Expression"},"destCopyDatasetName":{"value":"@activity('getProcess').output.firstRow.sinkDataset","type":"Expression"},"processSubType":{"value":"@activity('getProcess').output.firstRow.processSubType","type":"Expression"},"processName":{"value":"@activity('getProcess').output.firstRow.processName","type":"Expression"}}}}],"policy":{"elapsedTimeMetric":{},"cancelAfter":{}},"parameters":{"copyDataProcessName":{"type":"string"}},"folder":{"name":"metadataDrivenCopyPipelines"},"annotations":[],"lastPublishTime":"2023-04-27T19:02:14Z"},"dependsOn":["[concat(variables('factoryId'), '/datasets/ds_adx_table')]","[concat(variables('factoryId'), '/pipelines/pl_copyData_01_logAndCopy')]"]},{"name":"[concat(parameters('factoryName'), '/ds_adx_table')]","type":"Microsoft.DataFactory/factories/datasets","apiVersion":"2018-06-01","properties":{"linkedServiceName":{"referenceName":"[parameters('ls_adx')]","type":"LinkedServiceReference"},"parameters":{"tableName":{"type":"string","defaultValue":"adfMetadata"}},"annotations":[],"type":"AzureDataExplorerTable","schema":[],"typeProperties":{"table":{"value":"@dataset().tableName","type":"Expression"}}},"dependsOn":[]},{"name":"[concat(parameters('factoryName'), '/pl_copyData_01_logAndCopy')]","type":"Microsoft.DataFactory/factories/pipelines","apiVersion":"2018-06-01","properties":{"activities":[{"name":"getSource","type":"Lookup","dependsOn":[],"policy":{"timeout":"0.12:00:00","retry":0,"retryIntervalInSeconds":30,"secureOutput":false,"secureInput":false},"userProperties":[],"typeProperties":{"source":{"type":"AzureDataExplorerSource","query":{"value":"@concat(\n'\nadfMetadata\n| where processType  == \"copyDataset\" and processName == \"',pipeline().parameters.sourceCopyDatasetName,'\"\n| evaluate bag_unpack(processConfigValues)\n'\n)","type":"Expression"},"queryTimeout":"00:10:00","noTruncation":false},"dataset":{"referenceName":"ds_adx_table","type":"DatasetReference","parameters":{"tableName":"adfMetadata"}}}},{"name":"getListOfFiles","type":"GetMetadata","dependsOn":[{"activity":"getSource","dependencyConditions":["Succeeded"]}],"policy":{"timeout":"0.12:00:00","retry":0,"retryIntervalInSeconds":30,"secureOutput":false,"secureInput":false},"userProperties":[],"typeProperties":{"dataset":{"referenceName":"ds_onpremfs_binary","type":"DatasetReference","parameters":{"hostDirectory":{"value":"@activity('getSource').output.firstRow.hostDirectory","type":"Expression"},"keyVaultName":{"value":"@activity('getSource').output.firstRow.keyVaultName","type":"Expression"},"passwordSecretName":{"value":"@activity('getSource').output.firstRow.passwordSecretName","type":"Expression"},"usernameSecretName":{"value":"@activity('getSource').output.firstRow.usernameSecretName","type":"Expression"},"fileDirectory":{"value":"@activity('getSource').output.firstRow.fileDirectory","type":"Expression"},"fileName":{"value":"@''","type":"Expression"}}},"fieldList":["childItems"],"storeSettings":{"type":"FileServerReadSettings","recursive":true,"enablePartitionDiscovery":false},"formatSettings":{"type":"BinaryReadSettings"}}},{"name":"loopFiles","type":"ForEach","dependsOn":[{"activity":"getListOfFiles","dependencyConditions":["Succeeded"]}],"userProperties":[],"typeProperties":{"items":{"value":"@activity('getListOfFiles').output.childItems","type":"Expression"},"activities":[{"name":"checkIfExists","type":"Lookup","dependsOn":[],"policy":{"timeout":"0.12:00:00","retry":0,"retryIntervalInSeconds":30,"secureOutput":false,"secureInput":false},"userProperties":[],"typeProperties":{"source":{"type":"AzureDataExplorerSource","query":{"value":"@concat(\n'\nadfFileLog\n| where fileName == \"',item().name,'\" and processStatus ==\"complete\"\n| count\n'\n)","type":"Expression"},"queryTimeout":"00:10:00","noTruncation":false},"dataset":{"referenceName":"ds_adx_table","type":"DatasetReference","parameters":{"tableName":"adfMetadata"}}}},{"name":"checkIfNew","type":"IfCondition","dependsOn":[{"activity":"checkIfExists","dependencyConditions":["Succeeded"]}],"userProperties":[],"typeProperties":{"expression":{"value":"@equals(activity('checkIfExists').output.firstRow.Count,0)","type":"Expression"},"ifTrueActivities":[{"name":"inprocessFileLog","type":"AzureDataExplorerCommand","dependsOn":[],"policy":{"timeout":"0.12:00:00","retry":0,"retryIntervalInSeconds":30,"secureOutput":false,"secureInput":false},"userProperties":[],"typeProperties":{"command":{"value":"@concat('\n.set-or-append adfFileLog <|\nlet pName = \"',pipeline().parameters.processName,'\";\nlet fName = \"',item().name,'\";\nlet insTime = now();\nlet pStatus = \"inprocess\";\nprint pName, fName, insTime, pStatus\n')","type":"Expression"},"commandTimeout":"00:20:00"},"linkedServiceName":{"referenceName":"[parameters('ls_adx')]","type":"LinkedServiceReference"}},{"name":"copyData","type":"ExecutePipeline","dependsOn":[{"activity":"inprocessFileLog","dependencyConditions":["Succeeded"]}],"userProperties":[],"typeProperties":{"pipeline":{"referenceName":"pl_copyData_02_copyData","type":"PipelineReference"},"waitOnCompletion":true,"parameters":{"sourceCopyDatasetName":{"value":"@pipeline().parameters.sourceCopyDatasetName","type":"Expression"},"destCopyDatasetName":{"value":"@pipeline().parameters.destCopyDatasetName","type":"Expression"},"fileName":{"value":"@item().name","type":"Expression"},"processName":{"value":"@pipeline().parameters.processName","type":"Expression"},"processSubType":{"value":"@pipeline().parameters.processSubType","type":"Expression"}}}},{"name":"completeFileLog","type":"AzureDataExplorerCommand","dependsOn":[{"activity":"copyData","dependencyConditions":["Succeeded"]}],"policy":{"timeout":"0.12:00:00","retry":0,"retryIntervalInSeconds":30,"secureOutput":false,"secureInput":false},"userProperties":[],"typeProperties":{"command":{"value":"@concat('\n.set-or-append adfFileLog <|\nlet pName = \"',pipeline().parameters.processName,'\";\nlet fName = \"',item().name,'\";\nlet insTime = now();\nlet pStatus = \"complete\";\nprint pName, fName, insTime, pStatus\n')","type":"Expression"},"commandTimeout":"00:20:00"},"linkedServiceName":{"referenceName":"[parameters('ls_adx')]","type":"LinkedServiceReference"}},{"name":"errorFileLog","type":"AzureDataExplorerCommand","dependsOn":[{"activity":"copyData","dependencyConditions":["Failed"]}],"policy":{"timeout":"0.12:00:00","retry":0,"retryIntervalInSeconds":30,"secureOutput":false,"secureInput":false},"userProperties":[],"typeProperties":{"command":{"value":"@concat('\n.set-or-append adfFileLog <|\nlet pName = \"',pipeline().parameters.processName,'\";\nlet fName = \"',item().name,'\";\nlet insTime = now();\nlet pStatus = \"error\";\nprint pName, fName, insTime, pStatus\n')","type":"Expression"},"commandTimeout":"00:20:00"},"linkedServiceName":{"referenceName":"[parameters('ls_adx')]","type":"LinkedServiceReference"}}]}}]}}],"policy":{"elapsedTimeMetric":{},"cancelAfter":{}},"parameters":{"sourceCopyDatasetName":{"type":"string"},"destCopyDatasetName":{"type":"string"},"processSubType":{"type":"string"},"processName":{"type":"string"}},"folder":{"name":"metadataDrivenCopyPipelines"},"annotations":[],"lastPublishTime":"2023-04-27T19:02:14Z"},"dependsOn":["[concat(variables('factoryId'), '/datasets/ds_adx_table')]","[concat(variables('factoryId'), '/datasets/ds_onpremfs_binary')]","[concat(variables('factoryId'), '/pipelines/pl_copyData_02_copyData')]"]},{"name":"[concat(parameters('factoryName'), '/ds_onpremfs_binary')]","type":"Microsoft.DataFactory/factories/datasets","apiVersion":"2018-06-01","properties":{"linkedServiceName":{"referenceName":"[parameters('ls_onpremfs')]","type":"LinkedServiceReference","parameters":{"hostDirectory":{"value":"@dataset().hostDirectory","type":"Expression"},"keyVaultName":{"value":"@dataset().keyVaultName","type":"Expression"},"passwordSecretName":{"value":"@dataset().passwordSecretName","type":"Expression"},"usernameSecretName":{"value":"@dataset().usernameSecretName","type":"Expression"}}},"parameters":{"hostDirectory":{"type":"string"},"keyVaultName":{"type":"string"},"passwordSecretName":{"type":"string"},"usernameSecretName":{"type":"string"},"fileDirectory":{"type":"string"},"fileName":{"type":"string"}},"annotations":[],"type":"Binary","typeProperties":{"location":{"type":"FileServerLocation","fileName":{"value":"@dataset().fileName","type":"Expression"},"folderPath":{"value":"@dataset().fileDirectory","type":"Expression"}}}},"dependsOn":[]},{"name":"[concat(parameters('factoryName'), '/pl_copyData_02_copyData')]","type":"Microsoft.DataFactory/factories/pipelines","apiVersion":"2018-06-01","properties":{"activities":[{"name":"getSource","type":"Lookup","dependsOn":[],"policy":{"timeout":"0.12:00:00","retry":0,"retryIntervalInSeconds":30,"secureOutput":false,"secureInput":false},"userProperties":[],"typeProperties":{"source":{"type":"AzureDataExplorerSource","query":{"value":"@concat(\n'\nadfMetadata\n| where processType  == \"copyDataset\" and processName == \"',pipeline().parameters.sourceCopyDatasetName,'\"\n| evaluate bag_unpack(processConfigValues)\n'\n)","type":"Expression"},"queryTimeout":"00:10:00","noTruncation":false},"dataset":{"referenceName":"ds_adx_table","type":"DatasetReference","parameters":{"tableName":"adfMetadata"}}}},{"name":"getDestination","type":"Lookup","dependsOn":[],"policy":{"timeout":"0.12:00:00","retry":0,"retryIntervalInSeconds":30,"secureOutput":false,"secureInput":false},"userProperties":[],"typeProperties":{"source":{"type":"AzureDataExplorerSource","query":{"value":"@concat(\n'\nadfMetadata\n| where processType  == \"copyDataset\" and processName == \"',pipeline().parameters.destCopyDatasetName,'\"\n| evaluate bag_unpack(processConfigValues)\n'\n)","type":"Expression"},"queryTimeout":"00:10:00","noTruncation":false},"dataset":{"referenceName":"ds_adx_table","type":"DatasetReference","parameters":{"tableName":"adfMetadata"}}}},{"name":"Copy Data","type":"Switch","dependsOn":[{"activity":"getSource","dependencyConditions":["Succeeded"]},{"activity":"getDestination","dependencyConditions":["Succeeded"]}],"userProperties":[],"typeProperties":{"on":{"value":"@pipeline().parameters.processSubType","type":"Expression"},"cases":[{"value":"onprem2adls","activities":[{"name":"onprem2adls","type":"Copy","dependsOn":[],"policy":{"timeout":"0.12:00:00","retry":0,"retryIntervalInSeconds":30,"secureOutput":false,"secureInput":false},"userProperties":[],"typeProperties":{"source":{"type":"BinarySource","storeSettings":{"type":"FileServerReadSettings","recursive":true},"formatSettings":{"type":"BinaryReadSettings"}},"sink":{"type":"BinarySink","storeSettings":{"type":"AzureBlobFSWriteSettings"}},"enableStaging":false},"inputs":[{"referenceName":"ds_onpremfs_binary","type":"DatasetReference","parameters":{"hostDirectory":{"value":"@activity('getSource').output.firstRow.hostDirectory","type":"Expression"},"keyVaultName":{"value":"@activity('getSource').output.firstRow.keyVaultName","type":"Expression"},"passwordSecretName":{"value":"@activity('getSource').output.firstRow.passwordSecretName","type":"Expression"},"usernameSecretName":{"value":"@activity('getSource').output.firstRow.usernameSecretName","type":"Expression"},"fileDirectory":{"value":"@activity('getSource').output.firstRow.fileDirectory","type":"Expression"},"fileName":{"value":"@pipeline().parameters.fileName","type":"Expression"}}}],"outputs":[{"referenceName":"ds_datalake_binary","type":"DatasetReference","parameters":{"storageAccountName":{"value":"@activity('getDestination').output.firstRow.storageAccountName","type":"Expression"},"container":{"value":"@activity('getDestination').output.firstRow.container","type":"Expression"},"fileDirectory":{"value":"@activity('getSource').output.firstRow.fileDirectory","type":"Expression"},"fileName":{"value":"@pipeline().parameters.fileName","type":"Expression"}}}]}]}]}}],"policy":{"elapsedTimeMetric":{},"cancelAfter":{}},"parameters":{"sourceCopyDatasetName":{"type":"string"},"destCopyDatasetName":{"type":"string"},"fileName":{"type":"string"},"processName":{"type":"string"},"processSubType":{"type":"string"}},"folder":{"name":"metadataDrivenCopyPipelines"},"annotations":[],"lastPublishTime":"2023-04-27T19:02:14Z"},"dependsOn":["[concat(variables('factoryId'), '/datasets/ds_adx_table')]","[concat(variables('factoryId'), '/datasets/ds_onpremfs_binary')]","[concat(variables('factoryId'), '/datasets/ds_datalake_binary')]"]},{"name":"[concat(parameters('factoryName'), '/ds_datalake_binary')]","type":"Microsoft.DataFactory/factories/datasets","apiVersion":"2018-06-01","properties":{"linkedServiceName":{"referenceName":"[parameters('ls_datalake')]","type":"LinkedServiceReference","parameters":{"storageAccountName":{"value":"@dataset().storageAccountName","type":"Expression"}}},"parameters":{"storageAccountName":{"type":"string"},"container":{"type":"string"},"fileDirectory":{"type":"string"},"fileName":{"type":"string"}},"annotations":[],"type":"Binary","typeProperties":{"location":{"type":"AzureBlobFSLocation","fileName":{"value":"@dataset().fileName","type":"Expression"},"folderPath":{"value":"@dataset().fileDirectory","type":"Expression"},"fileSystem":{"value":"@dataset().container","type":"Expression"}}}},"dependsOn":[]}]}